batch,repo,repo_name,total_vars,overall_score,overall_score_wo_missing,overall_score_exact,overall_score_wo_missing_exact,missing_ratio,depth_1_score,depth_2_score,depth_3_score,depth_4_score,depth_5_score,depth_1_score_exact,depth_2_score_exact,depth_3_score_exact,depth_4_score_exact,depth_5_score_exact,repo_a_consistency,repo_b_consistency,lower_than_5_average,lower_than_10_average,lower_than_5_average_exact,lower_than_10_average_exact
,youtube_transcript_api_c37,youtube_transcript_api_c37,215,0.5486,0.9073,0.5349,0.9073,0.3953,0.5556,0.5308,0.4375,,,0.5556,0.4902,0.0,,,3,2,0.6982,0.6729,0.6377,0.6232
,youtube_transcript_api_c37_2,youtube_transcript_api_c37_2,215,0.5207,0.9028,0.507,0.9028,0.4233,0.5309,0.4915,0.4375,,,0.5309,0.451,0.0,,,3,0,0.6982,0.661,0.6377,0.6113
,youtube_transcript_api_c4,youtube_transcript_api_c4,215,0.5017,0.9142,0.4977,0.9142,0.4512,0.5,0.5098,0.4375,,,0.5,0.5098,0.0,,,3,0,0.7083,0.6649,0.6703,0.6336
,youtube_transcript_api_c4_2,youtube_transcript_api_c4_2,215,0.5017,0.9142,0.4977,0.9142,0.4512,0.5,0.5098,0.4375,,,0.5,0.5098,0.0,,,3,0,0.7083,0.6649,0.6703,0.6336
,youtube_transcript_api_g41,youtube_transcript_api_g41,215,0.5674,0.9104,0.5581,0.9104,0.3767,0.5679,0.5686,0.5,,,0.5679,0.5294,0.5,,,3,2,0.625,0.6375,0.587,0.6063
,youtube_transcript_api_g41_2,youtube_transcript_api_g41_2,215,0.5395,0.9063,0.5302,0.9063,0.4047,0.5432,0.5294,0.5,,,0.5432,0.4902,0.5,,,3,0,0.625,0.6256,0.587,0.5943
,youtube_transcript_api_gem25,youtube_transcript_api_gem25,215,0.5666,0.9091,0.5535,0.9091,0.3767,0.5679,0.57,0.375,,,0.5679,0.5294,0.0,,,3,2,0.7036,0.6834,0.6486,0.6381
,youtube_transcript_api_gem25_2,youtube_transcript_api_gem25_2,215,0.5387,0.9048,0.5256,0.9048,0.4047,0.5432,0.5308,0.375,,,0.5432,0.4902,0.0,,,3,0,0.7036,0.6714,0.6486,0.6262
,youtube_transcript_api_ll,youtube_transcript_api_ll,215,0.3654,0.8728,0.3581,0.8728,0.5814,0.3704,0.3442,0.5,,,0.3704,0.3137,0.5,,,3,0,0.5567,0.5344,0.5399,0.5205
,youtube_transcript_api_ll_2,youtube_transcript_api_ll_2,215,0.0605,1.0,0.0605,1.0,0.9395,0.0556,0.0784,0.0,,,0.0556,0.0784,0.0,,,3,0,0.1087,0.0938,0.1087,0.0938
,fastapi_c37,fastapi_c37,1486,0.8008,0.8712,0.7759,0.8441,0.0808,0.8709,0.7242,0.881,0.9257,0.9688,0.8699,0.6858,0.8508,0.9016,0.75,1,1,0.7051,0.728,0.5612,0.5982
,fastapi_c37_2,fastapi_c37_2,1486,0.8004,0.8707,0.7759,0.8441,0.0808,0.8709,0.7233,0.881,0.9257,0.9688,0.8699,0.6858,0.8508,0.9016,0.75,1,1,0.7051,0.728,0.5612,0.5982
,fastapi_c4,fastapi_c4,1486,0.8963,0.9582,0.8755,0.936,0.0646,0.8862,0.8932,0.9035,0.9913,0.9323,0.8862,0.8596,0.8895,0.9672,0.5,1,1,0.7467,0.7696,0.6289,0.6624
,fastapi_c4_2,fastapi_c4_2,1486,0.8518,0.9267,0.8304,0.9034,0.0808,0.8709,0.8247,0.8847,0.9257,0.9635,0.8699,0.7914,0.8674,0.9016,0.5,1,1,0.7144,0.7363,0.582,0.617
,fastapi_g41,fastapi_g41,1486,0.4283,0.4423,0.3688,0.3808,0.0316,0.9004,0.1986,0.1745,0.1629,0.8307,0.9004,0.1176,0.0939,0.0,0.0,1,0,0.5028,0.5212,0.3177,0.3358
,fastapi_g41_2,fastapi_g41_2,1486,0.4307,0.4448,0.3782,0.3905,0.0316,0.9004,0.1996,0.1814,0.1875,0.8464,0.9004,0.1217,0.1436,0.0328,0.0,1,0,0.5157,0.5346,0.3438,0.3593
,fastapi_gem25,fastapi_gem25,1486,0.8812,0.9572,0.8607,0.9349,0.0794,0.873,0.8815,0.8831,0.9344,0.9323,0.872,0.8476,0.8674,0.9344,0.5,1,1,0.764,0.78,0.694,0.7135
,fastapi_gem25_2,fastapi_gem25_2,1486,0.8739,0.9492,0.854,0.9276,0.0794,0.8587,0.8761,0.8826,0.9344,0.9948,0.8577,0.8436,0.8619,0.9344,0.75,1,1,0.7675,0.7831,0.7044,0.7229
,fastapi_ll,fastapi_ll,1486,0.4783,0.8753,0.4125,0.7549,0.4536,0.5417,0.4731,0.3457,0.4201,0.5469,0.5407,0.4144,0.1989,0.0164,0.0,1,1,0.4001,0.4249,0.2917,0.3183
,fastapi_ll_2,fastapi_ll_2,1486,0.3384,0.8639,0.2981,0.7612,0.6083,0.4075,0.322,0.2436,0.2367,0.7344,0.4065,0.2807,0.1657,0.0328,0.25,1,46,0.4106,0.4358,0.3125,0.3371
,pre_commit_hooks_c37,pre_commit_hooks_c37,202,0.9165,0.9165,0.8366,0.9165,0.0,0.9932,0.9869,0.5571,,,0.9923,0.973,0.1143,,,0,0,1.0,0.9972,1.0,0.9942
,pre_commit_hooks_c37_2,pre_commit_hooks_c37_2,202,0.9932,0.9932,0.9901,0.9932,0.0,0.9932,0.9869,1.0,,,0.9923,0.973,1.0,,,0,0,1.0,0.9972,1.0,0.9942
,pre_commit_hooks_c4,pre_commit_hooks_c4,202,0.9915,0.9915,0.9851,0.9915,0.0,0.9932,0.9778,1.0,,,0.9923,0.9459,1.0,,,0,0,1.0,1.0,1.0,1.0
,pre_commit_hooks_c4_2,pre_commit_hooks_c4_2,202,0.9915,0.9915,0.9851,0.9915,0.0,0.9932,0.9778,1.0,,,0.9923,0.9459,1.0,,,0,0,1.0,1.0,1.0,1.0
,pre_commit_hooks_g41,pre_commit_hooks_g41,202,0.9483,0.9483,0.9257,0.9483,0.0,0.9548,0.9039,0.9712,,,0.9538,0.8378,0.9143,,,0,0,0.6384,0.6927,0.5625,0.6257
,pre_commit_hooks_g41_2,pre_commit_hooks_g41_2,202,0.9483,0.9483,0.9257,0.9483,0.0,0.9548,0.9039,0.9712,,,0.9538,0.8378,0.9143,,,0,0,0.6384,0.6927,0.5625,0.6257
,pre_commit_hooks_gem25,pre_commit_hooks_gem25,202,0.9715,0.9763,0.9406,0.9763,0.005,0.9786,0.9356,0.9829,,,0.9769,0.8378,0.9143,,,0,0,0.9766,0.9601,0.875,0.8468
,pre_commit_hooks_gem25_2,pre_commit_hooks_gem25_2,202,0.9715,0.9763,0.9406,0.9763,0.005,0.9786,0.9356,0.9829,,,0.9769,0.8378,0.9143,,,0,0,0.9766,0.9601,0.875,0.8468
,pre_commit_hooks_ll,pre_commit_hooks_ll,202,0.9673,0.9673,0.9406,0.9673,0.0,0.9863,0.8808,0.9883,,,0.9846,0.7568,0.9714,,,0,0,0.9118,0.9202,0.875,0.883
,pre_commit_hooks_ll_2,pre_commit_hooks_ll_2,202,0.9698,0.9698,0.9406,0.9698,0.0,0.9863,0.8943,0.9883,,,0.9846,0.7568,0.9714,,,0,0,0.9431,0.9465,0.875,0.883
,flake8_c37,flake8_c37,488,0.8122,0.9505,0.7746,0.9505,0.1455,0.8601,0.7469,0.5765,1.0,,0.8585,0.6581,0.381,1.0,,1,0,0.7788,0.7768,0.6543,0.6629
,flake8_c37_2,flake8_c37_2,488,0.8361,0.9785,0.8094,0.9785,0.1455,0.8601,0.8221,0.5765,1.0,,0.8585,0.7677,0.381,1.0,,1,0,0.7965,0.7923,0.6755,0.6814
,flake8_c4,flake8_c4,488,0.6237,0.9279,0.6086,0.9279,0.3279,0.7138,0.4657,0.4366,1.0,,0.7138,0.4387,0.2857,1.0,,1,0,0.4469,0.4674,0.3759,0.4011
,flake8_c4_2,flake8_c4_2,488,0.6462,0.9615,0.6311,0.9615,0.3279,0.7138,0.5302,0.4843,1.0,,0.7138,0.5032,0.3333,1.0,,1,0,0.4523,0.4721,0.3812,0.4057
,flake8_g41,flake8_g41,488,0.7725,0.9019,0.7275,0.9019,0.1434,0.836,0.6707,0.5736,1.0,,0.836,0.5613,0.3333,1.0,,1,1,0.7269,0.7261,0.5851,0.5955
,flake8_g41_2,flake8_g41_2,488,0.7715,0.9029,0.7254,0.9029,0.1455,0.836,0.6674,0.5736,1.0,,0.836,0.5548,0.3333,1.0,,1,0,0.7269,0.7261,0.5851,0.5955
,flake8_gem25,flake8_gem25,488,0.8139,0.9525,0.7643,0.9525,0.1455,0.8601,0.7452,0.6284,1.0,,0.8585,0.6258,0.381,1.0,,1,0,0.7856,0.7834,0.6383,0.6541
,flake8_gem25_2,flake8_gem25_2,488,0.8139,0.9525,0.7643,0.9525,0.1455,0.8601,0.7452,0.6284,1.0,,0.8585,0.6258,0.381,1.0,,1,0,0.7856,0.7834,0.6383,0.6541
,flake8_ll,flake8_ll,488,0.4579,0.7981,0.416,0.7981,0.4262,0.574,0.2664,0.1746,0.0,,0.5723,0.1548,0.0476,0.0,,1,0,0.2602,0.2625,0.1454,0.1549
,flake8_ll_2,flake8_ll_2,488,0.5892,0.8847,0.5471,0.8847,0.334,0.6704,0.4681,0.3082,0.0,,0.6688,0.3613,0.1429,0.0,,1,0,0.3137,0.3391,0.211,0.2421
,typer_c37,typer_c37,291,0.829,0.8968,0.8007,0.8968,0.0756,0.8652,0.7581,0.8375,,,0.8652,0.6989,0.7,,,1,0,0.7248,0.7623,0.6491,0.697
,typer_c37_2,typer_c37_2,291,0.8288,0.8966,0.7973,0.8966,0.0756,0.8624,0.7634,0.8344,,,0.8596,0.7097,0.65,,,1,0,0.7215,0.7595,0.5965,0.6515
,typer_c4,typer_c4,291,0.8549,0.9249,0.7663,0.9249,0.0756,0.8708,0.8257,0.8497,,,0.8315,0.6989,0.5,,,1,0,0.728,0.7651,0.5965,0.6515
,typer_c4_2,typer_c4_2,291,0.8547,0.9246,0.7629,0.9246,0.0756,0.868,0.8311,0.8466,,,0.8258,0.7097,0.45,,,1,0,0.7247,0.7622,0.5439,0.6061
,typer_g41,typer_g41,291,0.2869,0.3104,0.2646,0.3104,0.0756,0.382,0.1667,0.0,,,0.382,0.0968,0.0,,,1,0,0.3246,0.2803,0.3158,0.2727
,typer_g41_2,typer_g41_2,291,0.2852,0.3086,0.2612,0.3086,0.0756,0.3792,0.1667,0.0,,,0.3764,0.0968,0.0,,,1,0,0.3246,0.2803,0.3158,0.2727
,typer_gem25,typer_gem25,291,0.6901,0.8619,0.6667,0.8619,0.1993,0.7163,0.6411,0.6854,,,0.7135,0.6022,0.55,,,1,0,0.6735,0.6824,0.5921,0.6121
,typer_gem25_2,typer_gem25_2,291,0.6884,0.8598,0.6632,0.8598,0.1993,0.7135,0.6411,0.6854,,,0.7079,0.6022,0.55,,,1,0,0.6735,0.6824,0.5921,0.6121
,typer_ll,typer_ll,291,0.4184,0.6879,0.3643,0.6879,0.3918,0.5618,0.2339,0.0,,,0.5618,0.0645,0.0,,,1,0,0.1974,0.1902,0.1579,0.1364
,typer_ll_2,typer_ll_2,291,0.433,0.7119,0.3814,0.7119,0.3918,0.5843,0.2366,0.0,,,0.5843,0.0753,0.0,,,1,0,0.2632,0.247,0.2632,0.2273
,screenshot_to_code_c37,screenshot_to_code_c37,253,0.7077,0.9088,0.6798,0.8731,0.2213,0.697,0.6926,0.8854,1.0,,0.697,0.6509,0.6667,1.0,,16,0,0.7159,0.6972,0.6364,0.6213
,screenshot_to_code_c37_2,screenshot_to_code_c37_2,253,0.7077,0.9088,0.6798,0.8731,0.2213,0.697,0.6926,0.8854,1.0,,0.697,0.6509,0.6667,1.0,,16,0,0.7159,0.6972,0.6364,0.6213
,screenshot_to_code_c4,screenshot_to_code_c4,253,0.6774,0.9067,0.6561,0.8783,0.253,0.6742,0.6572,0.809,1.0,,0.6742,0.6226,0.6667,1.0,,16,0,0.6881,0.6737,0.6364,0.6213
,screenshot_to_code_c4_2,screenshot_to_code_c4_2,253,0.6813,0.912,0.6601,0.8836,0.253,0.6742,0.6667,0.809,1.0,,0.6742,0.6321,0.6667,1.0,,16,0,0.6881,0.6737,0.6364,0.6213
,screenshot_to_code_g41,screenshot_to_code_g41,253,0.2628,0.8526,0.2372,0.7692,0.6917,0.3106,0.2028,0.1667,0.6667,,0.3106,0.1415,0.1667,0.6667,,16,0,0.2753,0.2668,0.2601,0.2411
,screenshot_to_code_g41_2,screenshot_to_code_g41_2,253,0.2628,0.8526,0.2372,0.7692,0.6917,0.3106,0.2028,0.1667,0.6667,,0.3106,0.1415,0.1667,0.6667,,16,0,0.2753,0.2668,0.2601,0.2411
,screenshot_to_code_gem25,screenshot_to_code_gem25,253,0.6887,0.9028,0.664,0.8705,0.2372,0.6742,0.6844,0.809,1.0,,0.6742,0.6415,0.6667,1.0,,16,0,0.6881,0.6737,0.6364,0.6213
,screenshot_to_code_gem25_2,screenshot_to_code_gem25_2,253,0.6887,0.9028,0.664,0.8705,0.2372,0.6742,0.6844,0.809,1.0,,0.6742,0.6415,0.6667,1.0,,16,0,0.6881,0.6737,0.6364,0.6213
,screenshot_to_code_ll,screenshot_to_code_ll,253,0.1812,0.9167,0.166,0.84,0.8024,0.2045,0.1336,0.3056,0.3333,,0.2045,0.1132,0.1667,0.3333,,16,0,0.2045,0.2173,0.154,0.1661
,screenshot_to_code_ll_2,screenshot_to_code_ll_2,253,0.1812,0.9167,0.166,0.84,0.8024,0.2045,0.1336,0.3056,0.3333,,0.2045,0.1132,0.1667,0.3333,,16,0,0.2045,0.2173,0.154,0.1661
,ghunt_c37,ghunt_c37,5,0.6,1.0,0.6,1.0,0.4,0.5,0.6667,,,,0.5,0.6667,,,,0,0,0.625,0.625,0.625,0.625
,ghunt_c37_2,ghunt_c37_2,5,0.6,1.0,0.6,1.0,0.4,0.5,0.6667,,,,0.5,0.6667,,,,0,0,0.625,0.625,0.625,0.625
,ghunt_c4,ghunt_c4,5,0.6,1.0,0.6,1.0,0.4,0.5,0.6667,,,,0.5,0.6667,,,,0,0,0.625,0.625,0.625,0.625
,ghunt_c4_2,ghunt_c4_2,5,0.6,1.0,0.6,1.0,0.4,0.5,0.6667,,,,0.5,0.6667,,,,0,0,0.625,0.625,0.625,0.625
,ghunt_g41,ghunt_g41,5,0.6,1.0,0.6,1.0,0.4,0.5,0.6667,,,,0.5,0.6667,,,,0,0,0.625,0.625,0.625,0.625
,ghunt_g41_2,ghunt_g41_2,5,0.6,1.0,0.6,1.0,0.4,0.5,0.6667,,,,0.5,0.6667,,,,0,0,0.625,0.625,0.625,0.625
,ghunt_gem25,ghunt_gem25,5,0.6,1.0,0.6,1.0,0.4,0.5,0.6667,,,,0.5,0.6667,,,,0,0,0.625,0.625,0.625,0.625
,ghunt_gem25_2,ghunt_gem25_2,5,0.6,1.0,0.6,1.0,0.4,0.5,0.6667,,,,0.5,0.6667,,,,0,0,0.625,0.625,0.625,0.625
,ghunt_ll,ghunt_ll,5,0.0,0.0,0.0,0.0,1.0,0.0,0.0,,,,0.0,0.0,,,,0,0,0.0,0.0,0.0,0.0
,ghunt_ll_2,ghunt_ll_2,5,0.0,0.0,0.0,0.0,1.0,0.0,0.0,,,,0.0,0.0,,,,0,0,0.0,0.0,0.0,0.0
,private_gpt_c37,private_gpt_c37,448,0.7128,0.9618,0.6808,0.9187,0.2589,0.7197,0.7157,0.6808,,0.0,0.699,0.685,0.5333,,0.0,0,0,0.7461,0.7461,0.6613,0.6632
,private_gpt_c37_2,private_gpt_c37_2,448,0.7128,0.9618,0.6808,0.9187,0.2589,0.7197,0.7157,0.6808,,0.0,0.699,0.685,0.5333,,0.0,0,0,0.7461,0.7461,0.6613,0.6632
,private_gpt_c4,private_gpt_c4,448,0.7235,0.9533,0.6942,0.9147,0.2411,0.7422,0.6869,0.6802,,1.0,0.7232,0.6535,0.5667,,1.0,0,0,0.809,0.8,0.7581,0.7494
,private_gpt_c4_2,private_gpt_c4_2,448,0.7313,0.9636,0.7054,0.9294,0.2411,0.7422,0.7065,0.7136,,1.0,0.7232,0.6772,0.6333,,1.0,0,0,0.813,0.81,0.7661,0.7632
,private_gpt_g41,private_gpt_g41,448,0.7185,0.9304,0.6496,0.841,0.2277,0.7429,0.6854,0.6391,,0.5,0.7232,0.5827,0.2667,,0.0,0,0,0.7675,0.7608,0.6452,0.6171
,private_gpt_g41_2,private_gpt_g41_2,448,0.7247,0.9356,0.6674,0.8617,0.2254,0.7463,0.6952,0.6557,,0.5,0.7266,0.622,0.3333,,0.0,0,0,0.7871,0.7834,0.6573,0.644
,private_gpt_gem25,private_gpt_gem25,448,0.7134,0.957,0.6741,0.9042,0.2545,0.7197,0.7131,0.7019,,0.0,0.6955,0.6535,0.6,,0.0,0,3,0.7433,0.7442,0.6532,0.6573
,private_gpt_gem25_2,private_gpt_gem25_2,448,0.709,0.9567,0.6696,0.9036,0.2589,0.7197,0.7052,0.6686,,0.0,0.6955,0.6457,0.5667,,0.0,0,1,0.7271,0.7271,0.6371,0.6402
,private_gpt_ll,private_gpt_ll,448,0.1719,0.9062,0.1674,0.8824,0.8103,0.2128,0.1026,0.0833,,0.0,0.2111,0.0945,0.0667,,0.0,0,0,0.2204,0.2103,0.2177,0.2077
,private_gpt_ll_2,private_gpt_ll_2,448,0.1742,0.918,0.1696,0.8941,0.8103,0.2163,0.1026,0.0833,,0.0,0.2145,0.0945,0.0667,,0.0,0,0,0.2366,0.2256,0.2339,0.2231
,pandasai_c37,pandasai_c37,415,0.729,0.9031,0.6723,0.8328,0.1928,0.7365,0.6776,0.8738,0.9083,,0.7305,0.5547,0.7308,0.4,,50,1,0.683,0.6742,0.5592,0.5521
,pandasai_c37_2,pandasai_c37_2,415,0.7115,0.8815,0.6361,0.7881,0.1928,0.7072,0.6776,0.8834,0.9083,,0.6719,0.5547,0.7308,0.4,,50,1,0.6847,0.6756,0.5592,0.5521
,pandasai_c4,pandasai_c4,415,0.7006,0.8947,0.6723,0.8585,0.2169,0.6721,0.723,0.8299,0.9181,,0.6641,0.6875,0.6538,0.8,,50,3,0.66,0.6786,0.5658,0.599
,pandasai_c4_2,pandasai_c4_2,415,0.7163,0.9091,0.6747,0.8563,0.212,0.6936,0.7309,0.8299,0.9181,,0.6641,0.6953,0.6538,0.8,,50,0,0.66,0.6786,0.5658,0.599
,pandasai_g41,pandasai_g41,415,0.6167,0.7709,0.547,0.6837,0.2,0.6389,0.5781,0.5855,0.6333,,0.625,0.4609,0.2692,0.2,,50,1,0.4408,0.4453,0.2895,0.2888
,pandasai_g41_2,pandasai_g41_2,415,0.5902,0.7876,0.5229,0.6977,0.2506,0.5998,0.5781,0.547,0.6333,,0.5859,0.4609,0.2692,0.2,,50,1,0.432,0.4379,0.2895,0.2888
,pandasai_gem25,pandasai_gem25,415,0.7314,0.9034,0.6434,0.7946,0.1904,0.7019,0.7602,0.8462,0.9083,,0.6523,0.6406,0.6154,0.4,,50,1,0.6678,0.6831,0.5132,0.5335
,pandasai_gem25_2,pandasai_gem25_2,415,0.7314,0.9034,0.6434,0.7946,0.1904,0.7019,0.7602,0.8462,0.9083,,0.6523,0.6406,0.6154,0.4,,50,0,0.6678,0.6831,0.5132,0.5335
,pandasai_ll,pandasai_ll,415,0.6718,0.8994,0.6,0.8032,0.253,0.6799,0.6505,0.6695,0.8167,,0.6602,0.5391,0.3462,0.4,,50,1,0.4959,0.5161,0.3421,0.3588
,pandasai_ll_2,pandasai_ll_2,415,0.6717,0.8991,0.5976,0.8,0.253,0.676,0.6564,0.6763,0.8167,,0.6562,0.5391,0.3462,0.4,,50,1,0.4909,0.5119,0.3355,0.3533
,rich_c37,rich_c37,804,0.795,0.9788,0.7687,0.9788,0.1878,0.8058,0.7755,0.6867,1.0,,0.7896,0.724,0.6522,1.0,,2,12,0.6896,0.7006,0.5956,0.609
,rich_c37_2,rich_c37_2,804,0.734,0.9803,0.7102,0.9803,0.2512,0.741,0.7212,0.6432,1.0,,0.7248,0.6787,0.6087,1.0,,2,11,0.6318,0.6375,0.5378,0.5482
,rich_c4,rich_c4,804,0.6052,0.9636,0.5796,0.9636,0.3719,0.6502,0.4946,0.5565,0.75,,0.6331,0.4525,0.4783,0.75,,2,0,0.5087,0.5176,0.3811,0.4024
,rich_c4_2,rich_c4_2,804,0.6062,0.9651,0.5808,0.9651,0.3719,0.6502,0.4979,0.5565,0.75,,0.6331,0.457,0.4783,0.75,,2,0,0.5087,0.52,0.3811,0.4048
,rich_g41,rich_g41,804,0.3838,0.905,0.3545,0.8358,0.5759,0.4245,0.2745,0.3478,0.9844,,0.4083,0.2262,0.2174,0.75,,2,0,0.2897,0.2867,0.1578,0.1675
,rich_g41_2,rich_g41_2,804,0.3838,0.905,0.3545,0.8358,0.5759,0.4245,0.2745,0.3478,0.9844,,0.4083,0.2262,0.2174,0.75,,2,2,0.2897,0.2867,0.1578,0.1675
,rich_gem25,rich_gem25,804,0.4442,0.9679,0.4229,0.9214,0.541,0.4712,0.3673,0.4348,1.0,,0.455,0.3348,0.3913,1.0,,2,3,0.4156,0.4169,0.3133,0.3245
,rich_gem25_2,rich_gem25_2,804,0.4358,0.9653,0.4117,0.9118,0.5485,0.4712,0.3514,0.2935,1.0,,0.455,0.3167,0.1739,1.0,,2,1,0.4006,0.4033,0.2867,0.3004
,rich_ll,rich_ll,804,0.4009,0.9426,0.3657,0.8596,0.5746,0.3975,0.3951,0.5345,0.4375,,0.3813,0.3258,0.4348,0.0,,2,5,0.3873,0.3853,0.2722,0.2728
,rich_ll_2,rich_ll_2,804,0.4013,0.9378,0.3644,0.8517,0.5721,0.3957,0.4018,0.5237,0.4375,,0.3795,0.3303,0.3913,0.0,,2,3,0.3856,0.3838,0.2656,0.2667
